{"assetType":"edge","uniqueID":"df24266406644b83a658c7126074af91","rootFolder":"project.techxconference_df24266406644b83a658c7126074af91_export","projectAlias":"pkg_df24266406644b83a658c7126074af91_exported","services":[{"serviceFullName":"project.techxconference_df24266406644b83a658c7126074af91_export.integrations:successTransaction","name":"successTransaction","edgeServer":null,"referenced":{"type":"flow","name":"successTransaction","nsName":"project.techxconference_df24266406644b83a658c7126074af91_export.integrations:successTransaction","newServiceName":null,"resolved":false,"operation":null,"reference":[],"referencedBy":null}}]}