{"assetType":"edge","uniqueID":"3344a73cc9b045629bfc530b112b17a8","rootFolder":"project.myfirstproject_3344a73cc9b045629bfc530b112b17a8_export","projectAlias":"pkg_3344a73cc9b045629bfc530b112b17a8_exported","services":[{"serviceFullName":"project.myfirstproject_3344a73cc9b045629bfc530b112b17a8_export.integrations:failureTransaction","name":"failureTransaction","edgeServer":null,"referenced":{"type":"flow","name":"failureTransaction","nsName":"project.myfirstproject_3344a73cc9b045629bfc530b112b17a8_export.integrations:failureTransaction","newServiceName":null,"resolved":false,"operation":null,"reference":[],"referencedBy":null}}]}