{"assetType":"edge","uniqueID":"1433c34feb3f4fa8a0065d1c30bb9601","rootFolder":"project.techxconference_1433c34feb3f4fa8a0065d1c30bb9601_export","projectAlias":"pkg_1433c34feb3f4fa8a0065d1c30bb9601_exported","services":[{"serviceFullName":"project.techxconference_1433c34feb3f4fa8a0065d1c30bb9601_export.integrations:shipOrder","name":"shipOrder","edgeServer":null,"referenced":{"type":"flow","name":"shipOrder","nsName":"project.techxconference_1433c34feb3f4fa8a0065d1c30bb9601_export.integrations:shipOrder","newServiceName":null,"resolved":false,"operation":null,"reference":[{"type":"record","name":"SimpleOrder","nsName":"project.techxconference_1433c34feb3f4fa8a0065d1c30bb9601_export.documenttypes:SimpleOrder","newServiceName":null,"resolved":false,"operation":null,"reference":null,"referencedBy":null},{"type":"flow","name":"getCustomerbyID","nsName":"CustomerData.impl:getCustomerbyID","newServiceName":null,"resolved":false,"operation":null,"reference":[{"type":"record","name":"Customer","nsName":"CustomerData.docs:Customer","newServiceName":null,"resolved":false,"operation":null,"reference":[{"type":"record","name":"Address","nsName":"CustomerData.docs:Address","newServiceName":null,"resolved":false,"operation":null,"reference":null,"referencedBy":null}],"referencedBy":null}],"referencedBy":null},{"type":"record","name":"Customer","nsName":"project.techxconference_1433c34feb3f4fa8a0065d1c30bb9601_export.documenttypes:Customer","newServiceName":null,"resolved":false,"operation":null,"reference":[{"type":"record","name":"Address","nsName":"CustomerData.docs:Address","newServiceName":null,"resolved":false,"operation":null,"reference":null,"referencedBy":null}],"referencedBy":null}],"referencedBy":null}}]}